{
  "EPCAM": {
    "pcc": {
      "DenseNet (frozen)": 0.5467597514940102,
      "DenseNet (fine-tuned)": 0.616724678189732,
      "H-optimus-0": 0.5850975506411303,
      "UNI2-h": 0.6173403911935146,
      "Virchow2": 0.6055994635386887
    },
    "ssim": {
      "DenseNet (frozen)": 0.36908613432486065,
      "DenseNet (fine-tuned)": 0.3847624499212155,
      "H-optimus-0": 0.3355528475558775,
      "UNI2-h": 0.34612064979781754,
      "Virchow2": 0.41663925077448644
    }
  },
  "DES": {
    "pcc": {
      "DenseNet (frozen)": 0.4831862193478225,
      "DenseNet (fine-tuned)": 0.5880625516615124,
      "H-optimus-0": 0.5199098533558241,
      "UNI2-h": 0.6689128435381361,
      "Virchow2": 0.6605985509485903
    },
    "ssim": {
      "DenseNet (frozen)": 0.3375649078888421,
      "DenseNet (fine-tuned)": 0.34617090041555015,
      "H-optimus-0": 0.2972594633951502,
      "UNI2-h": 0.3415435530861954,
      "Virchow2": 0.3398632345295412
    }
  },
  "COL1A1": {
    "pcc": {
      "DenseNet (frozen)": 0.3271589658005901,
      "DenseNet (fine-tuned)": 0.37020564441590914,
      "H-optimus-0": 0.17315628932839477,
      "UNI2-h": 0.36055383456727746,
      "Virchow2": 0.4381008100805839
    },
    "ssim": {
      "DenseNet (frozen)": 0.40242739536364747,
      "DenseNet (fine-tuned)": 0.44345083324737705,
      "H-optimus-0": 0.378258893948068,
      "UNI2-h": 0.3765642928932916,
      "Virchow2": 0.4297397130832758
    }
  },
  "CD74": {
    "pcc": {
      "DenseNet (frozen)": 0.17610805607112243,
      "DenseNet (fine-tuned)": 0.30513927822427905,
      "H-optimus-0": 0.20627130799341842,
      "UNI2-h": 0.2865395441380061,
      "Virchow2": 0.28155476100753635
    },
    "ssim": {
      "DenseNet (frozen)": 0.3726034780685897,
      "DenseNet (fine-tuned)": 0.39199751195290383,
      "H-optimus-0": 0.3410917994380573,
      "UNI2-h": 0.3617942492314169,
      "Virchow2": 0.3693137081174203
    }
  },
  "MT-CO3": {
    "pcc": {
      "DenseNet (frozen)": 0.5563637427751428,
      "DenseNet (fine-tuned)": 0.6118802149809041,
      "H-optimus-0": 0.5597591052558243,
      "UNI2-h": 0.5979523532348472,
      "Virchow2": 0.5829389287279064
    },
    "ssim": {
      "DenseNet (frozen)": 0.4397857606586665,
      "DenseNet (fine-tuned)": 0.4575943781879473,
      "H-optimus-0": 0.3927090829337292,
      "UNI2-h": 0.42755599730710686,
      "Virchow2": 0.4425012839338613
    }
  },
  "MUC12": {
    "pcc": {
      "DenseNet (frozen)": 0.6793833792863797,
      "DenseNet (fine-tuned)": 0.693788181683013,
      "H-optimus-0": 0.6947546684196299,
      "UNI2-h": 0.7194372262250365,
      "Virchow2": 0.6882345738755463
    },
    "ssim": {
      "DenseNet (frozen)": 0.4509295302960344,
      "DenseNet (fine-tuned)": 0.39641913362580516,
      "H-optimus-0": 0.3655864716407992,
      "UNI2-h": 0.3815167161108708,
      "Virchow2": 0.46662101216101626
    }
  },
  "ACTB": {
    "pcc": {
      "DenseNet (frozen)": 0.2603506085226217,
      "DenseNet (fine-tuned)": 0.355239738895211,
      "H-optimus-0": 0.21320889475161556,
      "UNI2-h": 0.33070498075922306,
      "Virchow2": 0.3022485733391787
    },
    "ssim": {
      "DenseNet (frozen)": 0.3770698263614584,
      "DenseNet (fine-tuned)": 0.38608501764720715,
      "H-optimus-0": 0.33120505578787396,
      "UNI2-h": 0.3506676432782397,
      "Virchow2": 0.3689512007562207
    }
  }
}